{
    "loss": 2.3026108741760254,
    "accuracy": 0.7687566876411438
}